{
    "rmse": 0.7096723461206791,
    "mae": 0.5614853303814114,
    "r2": 0.2347138142403451
}